pincode,latitude,longitude,district,state
400012,18.9986,72.8317,Mumbai,Maharashtra
400013,18.9950,72.8280,Mumbai,Maharashtra
400019,19.0178,72.8478,Mumbai,Maharashtra
400049,19.1075,72.8263,Mumbai,Maharashtra
400052,19.0700,72.8338,Mumbai,Maharashtra
400064,19.1860,72.8485,Mumbai,Maharashtra
400077,19.0790,72.9080,Mumbai,Maharashtra
400078,19.1527,72.9366,Mumbai,Maharashtra
400091,19.2307,72.8567,Mumbai,Maharashtra
400092,19.2372,72.8542,Mumbai,Maharashtra
400097,19.1765,72.8622,Mumbai,Maharashtra
400612,19.1741,73.0234,Thane,Maharashtra
400703,19.0771,72.9986,Navi Mumbai,Maharashtra
401103,19.9667,72.7500,Palghar,Maharashtra
401107,19.2812,72.8690,Thane,Maharashtra
401401,19.6967,72.7699,Palghar,Maharashtra
401404,19.7042,72.7758,Palghar,Maharashtra
401702,20.1086,72.7364,Palghar,Maharashtra
402103,18.5283,73.1817,Raigad,Maharashtra
410206,18.9486,73.0183,Raigad,Maharashtra
410501,18.7515,73.7431,Pune,Maharashtra
410506,18.7183,73.6792,Pune,Maharashtra
411001,18.5204,73.8567,Pune,Maharashtra
411002,18.5146,73.8540,Pune,Maharashtra
411014,18.5529,73.9242,Pune,Maharashtra
411015,18.5833,73.8833,Pune,Maharashtra
411028,18.5020,73.9270,Pune,Maharashtra
411032,18.5878,73.9083,Pune,Maharashtra
411033,18.6298,73.7997,Pune,Maharashtra
411038,18.5074,73.8077,Pune,Maharashtra
411039,18.6186,73.8536,Pune,Maharashtra
411040,18.4967,73.8967,Pune,Maharashtra
411046,18.4481,73.8586,Pune,Maharashtra
411047,18.6011,73.9144,Pune,Maharashtra
411048,18.4722,73.8944,Pune,Maharashtra
412101,18.6500,73.7667,Pune,Maharashtra
412108,18.5333,73.6167,Pune,Maharashtra
412110,18.5167,73.9833,Pune,Maharashtra
412201,18.4833,74.0167,Pune,Maharashtra
412207,18.5667,74.0333,Pune,Maharashtra
412301,18.3444,74.0306,Pune,Maharashtra
412303,18.4167,73.9500,Pune,Maharashtra
421303,19.3000,73.1667,Thane,Maharashtra
421306,19.2333,73.1500,Thane,Maharashtra
422001,19.9975,73.7898,Nashik,Maharashtra
422403,19.7000,73.5500,Nashik,Maharashtra
424001,20.9042,74.7749,Dhule,Maharashtra
425001,21.0077,75.5626,Jalgaon,Maharashtra
425405,21.3500,74.8833,Dhule,Maharashtra
431001,19.8762,75.3433,Chhatrapati Sambhajinagar,Maharashtra
431101,19.9833,75.2500,Chhatrapati Sambhajinagar,Maharashtra
431111,20.0167,75.0833,Chhatrapati Sambhajinagar,Maharashtra
431205,19.6500,75.6000,Jalna,Maharashtra
431709,18.8500,77.5333,Nanded,Maharashtra
440001,21.1524,79.0806,Nagpur,Maharashtra
440002,21.1466,79.0882,Nagpur,Maharashtra
440010,21.1275,79.0560,Nagpur,Maharashtra
440013,21.1550,79.0620,Nagpur,Maharashtra
440014,21.1167,79.1333,Nagpur,Maharashtra
440015,21.1000,79.0833,Nagpur,Maharashtra
440017,21.1667,79.1167,Nagpur,Maharashtra
440021,21.1333,79.0167,Nagpur,Maharashtra
440022,21.1167,79.0500,Nagpur,Maharashtra
440023,21.1500,78.9667,Nagpur,Maharashtra
440024,21.1833,79.1333,Nagpur,Maharashtra
440026,21.1667,79.1667,Nagpur,Maharashtra
440027,21.1333,79.1500,Nagpur,Maharashtra
440029,21.2000,79.0833,Nagpur,Maharashtra
440034,21.1167,79.1000,Nagpur,Maharashtra
440037,21.1333,79.1167,Nagpur,Maharashtra
441001,21.2333,79.2000,Nagpur,Maharashtra
441105,21.3833,79.2000,Nagpur,Maharashtra
441108,20.9167,78.9833,Nagpur,Maharashtra
441302,21.2667,78.5833,Nagpur,Maharashtra
441501,21.2333,78.9167,Nagpur,Maharashtra
441601,21.4624,80.1961,Gondia,Maharashtra
441614,21.4333,80.2167,Gondia,Maharashtra
441804,21.0333,79.8333,Bhandara,Maharashtra
441904,21.1667,79.6500,Bhandara,Maharashtra
442001,20.7453,78.6022,Wardha,Maharashtra
442401,19.9500,79.3000,Chandrapur,Maharashtra
442402,19.9583,79.2961,Chandrapur,Maharashtra
442403,19.9667,79.3167,Chandrapur,Maharashtra
442501,20.1000,79.1167,Chandrapur,Maharashtra
442701,19.8500,79.3500,Chandrapur,Maharashtra
442901,19.9333,79.2500,Chandrapur,Maharashtra
442902,20.0833,79.1333,Chandrapur,Maharashtra
442907,20.2333,79.0000,Chandrapur,Maharashtra
444001,20.7002,77.0082,Akola,Maharashtra
444303,20.8167,76.5333,Buldhana,Maharashtra
444601,20.9320,77.7523,Amravati,Maharashtra
444904,21.2167,77.4000,Amravati,Maharashtra
445304,19.9000,78.9500,Yavatmal,Maharashtra
491888,21.6500,81.0167,Rajnandgaon,Chhattisgarh
492001,21.2514,81.6296,Raipur,Chhattisgarh
492002,21.2400,81.6300,Raipur,Chhattisgarh
492007,21.2600,81.6500,Raipur,Chhattisgarh
492015,21.2800,81.6800,Raipur,Chhattisgarh
490001,21.1904,81.3509,Durg,Chhattisgarh
490006,21.2100,81.3300,Durg,Chhattisgarh
490020,21.2000,81.3800,Durg,Chhattisgarh
491441,21.0961,81.0322,Rajnandgaon,Chhattisgarh
495001,22.0797,82.1409,Bilaspur,Chhattisgarh
396191,20.3893,72.9106,Valsad,Gujarat
396230,20.2763,73.0083,Dadra and Nagar Haveli,DNH
560001,12.9716,77.5946,Bengaluru,Karnataka
562106,12.7833,77.7167,Bengaluru,Karnataka
110001,28.6139,77.2090,Central Delhi,Delhi
